{"stats":{"minecraft:killed":{"minecraft:wolf":4},"minecraft:custom":{"minecraft:time_since_rest":10262,"minecraft:sprint_one_cm":15575,"minecraft:damage_taken":570,"minecraft:walk_one_cm":15982,"minecraft:mob_kills":4,"minecraft:drop":12,"minecraft:damage_dealt":410,"minecraft:fly_one_cm":63524,"minecraft:open_chest":1,"minecraft:crouch_one_cm":37,"minecraft:play_time":15471,"minecraft:deaths":1,"minecraft:sneak_time":14,"minecraft:walk_under_water_one_cm":12706,"minecraft:jump":98,"minecraft:leave_game":1,"minecraft:walk_on_water_one_cm":4400,"minecraft:time_since_death":9746,"minecraft:total_world_time":15471,"minecraft:fall_one_cm":2122},"minecraft:used":{"minecraft:sheep_spawn_egg":1,"minecraft:dirt":2,"minecraft:wooden_sword":9,"minecraft:sand":2,"minecraft:wolf_spawn_egg":3,"minecraft:experience_bottle":53},"minecraft:killed_by":{"minecraft:drowned":1},"minecraft:mined":{"minecraft:grass_block":2,"minecraft:chest":1,"minecraft:sand":2},"minecraft:picked_up":{"minecraft:sheep_spawn_egg":1,"minecraft:sand":2,"minecraft:dirt":2,"minecraft:experience_bottle":37,"minecraft:apple":12,"minecraft:iron_ingot":10,"minecraft:gold_ingot":6,"minecraft:wolf_spawn_egg":1,"minecraft:bread":12,"minecraft:iron_pickaxe":2},"minecraft:dropped":{"minecraft:iron_ingot":5,"minecraft:bread":6,"minecraft:wolf_spawn_egg":1,"minecraft:experience_bottle":37,"minecraft:apple":6,"minecraft:iron_pickaxe":1,"minecraft:sheep_spawn_egg":1,"minecraft:gold_ingot":3}},"DataVersion":3120}